Country Name,Country Code,Indicator Name,Indicator Code,2006,2007,2008,2009,2010,2011,2012,2013,2014,2015,2016,2017,2018,2019
Tuvalu,TUV,GDP (current US$),NY.GDP.MKTP.CD,22902861.45,27030374.03,30290219.76,27101076.28,31823518.62,38711810.21,37671774.69,37509075.11,37290607.54,35492074.22,36547799.58,40619251.99,42588164.97,47271463.33
Nauru,NRU,GDP (current US$),NY.GDP.MKTP.CD,,,,,47564520.39,66055407.67,96927201.48,98491843.64,104654365.2,86779266.16,100087349,109585941.6,124021393.7,118223430.1
Kiribati,KIR,GDP (current US$),NY.GDP.MKTP.CD,110234939.8,132671743,141042610.3,132420059.3,156120895.2,181705002.6,190243321.6,185113921.6,179703443.3,171117872.4,178328873,187276210.9,196737896,194647201.9
Palau,PLW,GDP (current US$),NY.GDP.MKTP.CD,192382400,198897700,198283900,187522800,185943000,196911100,212397800,221117200,241669800,280457700,295065400,286106800,280435700,268354919.4
Sao Tome and Principe,STP,GDP (current US$),NY.GDP.MKTP.CD,142775597.3,149146423.1,188021190.6,187820464.6,196652166.3,231488665.2,250680453.1,300553785,346527949.8,316065369.9,345495358.4,375614556.4,412261829.6,418637389
Tonga,TON,GDP (current US$),NY.GDP.MKTP.CD,292232126.6,298513956.2,344428609,312377379.3,366840012.4,414523388.5,470714083.4,450643615.2,439878828,437006227.2,420540178.6,460379145,489235527.4,512350059.4
Dominica,DMA,GDP (current US$),NY.GDP.MKTP.CD,390250148.1,421375851.9,458190185.2,489074333.3,493825925.9,501025925.9,485996296.3,498296296.3,520207407.4,540737037,576229629.6,519837037,551074074.1,582403703.7
St. Vincent and the Grenadines,VCT,GDP (current US$),NY.GDP.MKTP.CD,610930037,684446259.3,695428851.9,674922481.5,681225925.9,676129629.6,692933333.3,721207407.4,727714814.8,755400000,774429629.6,792177777.8,811300000,824718518.5
Samoa,WSM,GDP (current US$),NY.GDP.MKTP.CD,505832439.8,570469196.7,619260721.6,584706020.2,663161517.9,737401692.2,760549587.1,770021664,756919917.3,788307330.6,799376439.5,832153612.6,821496064.5,852250191
Vanuatu,VUT,GDP (current US$),NY.GDP.MKTP.CD,439376794.1,526428309.9,607958616.1,610066628.7,700804286.2,792149700.7,781702874.1,801787555.9,814954307,759689950.9,804332795.6,880043553.7,914700508.2,934239973.8
St. Kitts and Nevis,KNA,GDP (current US$),NY.GDP.MKTP.CD,644411111.1,689285185.2,751233333.3,747862963,760170370.4,817759259.3,800414814.8,839774074.1,916566666.7,923155555.6,971166666.7,996944444.4,1010822222,1053244444
Comoros,COM,GDP (current US$),NY.GDP.MKTP.CD,698431827.7,795673128.5,915659192.8,905341090.6,907978723.5,1023086184,1015843369,1116224161,1149587652,966029542,1012835518,1077439663,1178530758,1165839927
Turks and Caicos Islands,TCA,GDP (current US$),NY.GDP.MKTP.CD,721891500,773489700,862683600,703175800,686787800,728789600,727161000,754238000,841070000,942070000,1032452000,1022365000,1113178000,1197415000
Grenada,GRD,GDP (current US$),NY.GDP.MKTP.CD,698700666.7,758683592.6,825976037,771275555.6,771013259.3,778655925.9,799882259.3,842620111.1,911497407.4,997007925.9,1061631222,1125685185,1168696296,1210603704
Guinea-Bissau,GNB,GDP (current US$),NY.GDP.MKTP.CD,592365688.1,696910810.9,868154708.5,830126470,849878424.2,1099818652,989271229.6,1046087418,1054915645,1048229629,1179004941,1350177128,1458868242,1339449165
Solomon Islands,SLB,GDP (current US$),NY.GDP.MKTP.CD,538668769.3,620230005.2,699157191,735940409.7,846797693.6,1049952233,1190994127,1284698922,1335538893,1307061544,1378551118,1483758907,1593964162,1589913622
Antigua and Barbuda,ATG,GDP (current US$),NY.GDP.MKTP.CD,1157662963,1312759259,1370070370,1228329630,1148700000,1137637037,1199948148,1181448148,1249733333,1336692593,1436585185,1467977778,1605351852,1661962963
Seychelles,SYC,GDP (current US$),NY.GDP.MKTP.CD,1016418229,1033561654,967199594,847397850.1,969936525.3,1065826670,1060226126,1328157609,1343007845,1377495054,1426651769,1524486800,1586009000,1703387387
"Gambia, The",GMB,GDP (current US$),NY.GDP.MKTP.CD,1054113427,1279704745,1561763437,1450140386,1543292393,1409694554,1415006238,1375608956,1229460602,1378176868,1484579844,1504909753,1670670669,1826073740
Belize,BLZ,GDP (current US$),NY.GDP.MKTP.CD,1210150000,1271600000,1351350000,1317300000,1377200000,1460800000,1522900000,1579400000,1662800000,1723800000,1775100000,1836600000,1871200000,1879613600
Cabo Verde,CPV,GDP (current US$),NY.GDP.MKTP.CD,1107891063,1513933983,1789333749,1711817182,1664310770,1865915544,1741809809,1850470042,1859898513,1596800287,1662998678,1769787215,1966983317,1981845740
Timor-Leste,TLS,GDP (current US$),NY.GDP.MKTP.CD,453796000,542795300,648492700,726881600,881826900,1054725400,1147779600,1395524600,1447311400,1594410800,1650608600,1599338100,1559894900,2017924900
St. Lucia,LCA,GDP (current US$),NY.GDP.MKTP.CD,1268319185,1336088815,1437731111,1401507889,1486758037,1576988407,1605146778,1664816741,1755130815,1808079889,1865375222,1999090407,2065875074,2122450630
Central African Republic,CAF,GDP (current US$),NY.GDP.MKTP.CD,1460561215,1697565949,1985240986,2059094048,2142591376,2437982840,2510126699,1691544192,1894813505,1695825708,1825018191,2072350151,2220978978,2220307369
Lesotho,LSO,GDP (current US$),NY.GDP.MKTP.CD,1800105590,1716262753,1758534995,1773199523,2269525779,2622336148,2526185314,2421470018,2499803984,2372280103,2165408359,2405289384,2575892262,2376328637
Bhutan,BTN,GDP (current US$),NY.GDP.MKTP.CD,874989895.6,1168308517,1227808791,1234014292,1547991318,1777101317,1781281282,1756215665,1907090813,2003598213,2158972129,2450364928,2446866405,2530547158
Burundi,BDI,GDP (current US$),NY.GDP.MKTP.CD,1273375020,1356199365,1611835902,1781455092,2032135247,2235820868,2333308099,2451625333,2705783272,3104394858,2959640987,3172292379,3036931818,3012334882
Liberia,LBR,GDP (current US$),NY.GDP.MKTP.CD,1119000000,1373000000,1726000000,1768000000,1998000000,2398000000,2721000000,3067000000,3144000000,3177000000,3277826000,3285455000,3264000000,3070518100
Curacao,CUW,GDP (current US$),NY.GDP.MKTP.CD,,,,,,3038699609,3131096089,3147616201,3158406034,3151910782,3122287933,3116610112,3127908045,3101787709
Andorra,AND,GDP (current US$),NY.GDP.MKTP.CD,3456442103,3952600602,4085630584,3674409558,3449966857,3629203786,3188808943,3193704343,3271808157,2789870188,2896679212,3000180750,3218316013,3154057987
Djibouti,DJI,GDP (current US$),NY.GDP.MKTP.CD,768873684,847918929.1,999105339.3,1049110685,1128611700,1239144502,1353632942,2042817163,2214681574,2430287967,2603554907,2751461056,3012820410,3324634256
Suriname,SUR,GDP (current US$),NY.GDP.MKTP.CD,2626380435,2936612022,3532969035,3875409836,4368398048,4422276622,4980000000,5145757576,5240606061,4787367928,3128953537,3216207914,3464656616,3697371950
Sierra Leone,SLE,GDP (current US$),NY.GDP.MKTP.CD,1885112202,2158496873,2505458705,2453899847,2578026297,2942546781,3801862611,4920343195,5015157816,4218723875,3674794530,3739577973,4085114794,4121733705
Eswatini,SWZ,GDP (current US$),NY.GDP.MKTP.CD,3291353806,3469363925,3294093364,3580417161,4438778547,4820499497,4886658806,4597702903,4422304975,4062660890,3816018485,4402973000,4665424249,4471598727
Guyana,GUY,GDP (current US$),NY.GDP.MKTP.CD,2379818383,2730968914,3025189399,3165661865,3432913353,3691384743,4063090016,4167801803,4127664336,4279840362,4482697337,4748174334,4787635821,5173759528
Barbados,BRB,GDP (current US$),NY.GDP.MKTP.CD,4217500000,4674000000,4785000000,4465500000,4530000000,4657500000,4610000000,4677000000,4696500000,4715000000,4830000000,4978000000,5086500000,5209000000
Togo,TGO,GDP (current US$),NY.GDP.MKTP.CD,2349495621,2659095101,3310277927,3365711796,3429461495,3872459250,3873308389,4321655656,4574986537,4180866177,4486979198,4819949975,5364369026,5490272413
Fiji,FJI,GDP (current US$),NY.GDP.MKTP.CD,3102741451,3405050612,3523185920,2870624636,3140508836,3774530616,3972012571,4190143206,4856963252,4682546881,4930204220,5353404419,5581393121,5496250694
Montenegro,MNE,GDP (current US$),NY.GDP.MKTP.CD,2721903149,3680711744,4545674528,4159330370,4142931813,4544575152,4087561650,4464502434,4587741791,4053097851,4373958354,4844606146,5504255214,5542577965
Maldives,MDV,GDP (current US$),NY.GDP.MKTP.CD,1575200391,1868383461,2271646188,2345294875,2588176055,2774351760,2886170572,3295011382,3697351594,4109447297,4379115588,4754352301,5299773145,5642179170
Bermuda,BMU,GDP (current US$),NY.GDP.MKTP.CD,6144000000,6767000000,6980000000,6656000000,6634526000,6312691000,6378188000,6465756000,6413988000,6654541000,6899911000,7142316000,7224329000,7484113000
Mauritania,MRT,GDP (current US$),NY.GDP.MKTP.CD,4008583968,4328063511,5138471610,4725200358,5628882266,6764635687,6728208836,7223063170,6592537782,6166857629,6398744505,6758390729,7049169771,7600656944
Malawi,MWI,GDP (current US$),NY.GDP.MKTP.CD,3998020177,4432937046,5321012192,6191127665,6959655571,8004000737,6028487929,5518880769,6047813437,6373212641,5433040160,6303292264,6917301909,7666704427
Kosovo,XKX,GDP (current US$),NY.GDP.MKTP.CD,3846819721,4655899261,5687417607,5653792720,5835874321,6701698218,6499807272,7074777527,7396705195,6442915788,6719172017,7245707185,7942961738,7926133714
Tajikistan,TJK,GDP (current US$),NY.GDP.MKTP.CD,2830220713,3719506173,5161337336,4979481980,5642178580,6522732203,7633049792,8448469838,9112544556,7854602392,6952678127,7157865188,7522947810,8116626794
Kyrgyz Republic,KGZ,GDP (current US$),NY.GDP.MKTP.CD,2834168889,3802566171,5139957785,4690062255,4794357795,6197766119,6605139933,7335027592,7468096567,6678178340,6813092066,7702934800,8271108638,8454619608
Rwanda,RWA,GDP (current US$),NY.GDP.MKTP.CD,3319198500,4069636442,5179108956,5673410334,6124120673,6884889636,7655138385,7819538349,8246166341,8545441361,8697268916,9253098954,9635951160,10354417725
Equatorial Guinea,GNQ,GDP (current US$),NY.GDP.MKTP.CD,10086528699,13071718759,19749893536,15027795173,16314442183,21357344847,22388345810,21948835350,21765454404,13185496836,11240809132,12200914930,13278488567,11026774945
Chad,TCD,GDP (current US$),NY.GDP.MKTP.CD,7428701809,8650138069,10393834721,9290728773,10668102735,12172309523,12367363678,12953535496,13940768066,10950392220,10097778354,10000395242,11239167048,11314951343
Moldova,MDA,GDP (current US$),NY.GDP.MKTP.CD,3408244549,4401189466,6054849885,5439422031,6974960345,8414360656,8709165249,9496684701,9510219299,7745231660,8071480541,9669759987,11456717193,11968713370
"Congo, Rep.",COG,GDP (current US$),NY.GDP.MKTP.CD,8072305415,8782703767,11649858744,9723300391,13148395202,15655384440,17692912613,17958721572,17783526318,11953249530,10335424288,11198674674,13518403447,12267392147
Guinea,GIN,GDP (current US$),NY.GDP.MKTP.CD,4220019243,6281917656,6964179194,6716904569,6853467858,6785137173,7638045254,8376613843,8778473615,8794202444,8595955581,10324668267,10907214994,12296665331
Namibia,NAM,GDP (current US$),NY.GDP.MKTP.CD,7840138006,8729714008,8496492492,8825055228,11268186636,12343501808,13041886316,12011207741,12356482989,11272143473,10665634688,12741746524,13454211344,12366528259
Nicaragua,NIC,GDP (current US$),NY.GDP.MKTP.CD,6763361733,7423367753,8496946608,8298729074,8758639096,9774262742,10532049077,10982938826,11880434071,12756706583,13286083645,13785909906,13063904770,12520915291
North Macedonia,MKD,GDP (current US$),NY.GDP.MKTP.CD,6861222332,8336478142,9909548411,9401731496,9407168702,10494632699,9745251126,10817712139,11362272838,10064515432,10672471861,11307058382,12683073866,12547040499
Niger,NER,GDP (current US$),NY.GDP.MKTP.CD,4756361480,5731485267,7297600897,7352131669,7851191899,8772951262,9426913349,10224897935,10862944204,9685577941,10355006770,11189541083,12846952857,12911689659
Brunei Darussalam,BRN,GDP (current US$),NY.GDP.MKTP.CD,11470703002,12247694247,14393099069,10732366286,13707370737,18525319978,19047940301,18093829923,17098342541,12930394938,11400854268,12128104859,13567351175,13469422959
"Bahamas, The",BHS,GDP (current US$),NY.GDP.MKTP.CD,10167250000,10618340000,10526000000,9981960000,10095760000,10070450000,10720500000,10568400000,11111600000,11710800000,11928500000,12490700000,13022100000,13578800000
Armenia,ARM,GDP (current US$),NY.GDP.MKTP.CD,6384451606,9206301700,11662040714,8647936748,9260284938,10142111334,10619320049,11121465767,11609512940,10553337673,10546135160,11527458566,12457941907,13672802158
Mongolia,MNG,GDP (current US$),NY.GDP.MKTP.CD,3414055566,4234999823,5623216449,4583850368,7189481824,10409797649,12292770631,12582122604,12226514722,11749620620,11186734674,11425755280,13108769496,13996719329
Mauritius,MUS,GDP (current US$),NY.GDP.MKTP.CD,7028803366,8150138757,9990370016,9128843109,10003670690,11518393367,11668685524,12129642296,12803445934,11692287066,12232463656,13259351418,14181951059,14048430519
Madagascar,MDG,GDP (current US$),NY.GDP.MKTP.CD,6395712392,8524620739,10725137478,9616879921,9982711030,11551821062,11578978053,12423557907,12522959157,11323023787,11848615018,13176313233,13853433948,14114631281
Haiti,HTI,GDP (current US$),NY.GDP.MKTP.CD,7408787819,9315973989,10386485528,11269821159,11661585823,13008748132,13708931890,14498080023,14790765760,14857386164,13723267961,14213814583,15965670198,14332163266
Benin,BEN,GDP (current US$),NY.GDP.MKTP.CD,7027863025,8158257572,9748276762,9699586794,9535344283,10693321954,11141358945,12517845732,13284528654,11388160958,11821066153,12701656931,14250985959,14390709095
Malta,MLT,GDP (current US$),NY.GDP.MKTP.CD,6778324087,7925371459,9090406750,8696366869,9035932178,9638916472,9462238257,10551661220,11626281450,11091434435,11665231192,13146963159,14750790658,14989415684
Albania,ALB,GDP (current US$),NY.GDP.MKTP.CD,8896073938,10677321490,12881354104,12044223353,11926928506,12890765324,12319830252,12776217195,13228144008,11386846319,11861200797,13019693451,15147020535,15279183290
Mozambique,MOZ,GDP (current US$),NY.GDP.MKTP.CD,9176889070,10450843291,12556195189,11914471497,11104648673,14381552433,16350804543,16974320551,17716084108,15950969019,11936999283,13219084261,14845870051,15291448212
Burkina Faso,BFA,GDP (current US$),NY.GDP.MKTP.CD,6547420134,7625723124,9451436359,9450697336,10109618964,12080296644,12561016091,13444301139,13943016924,11832159276,12833363370,14106956830,16059910871,15990803570
Jamaica,JAM,GDP (current US$),NY.GDP.MKTP.CD,11930171468,12799593018,13709402085,12120460873,13220556883,14444655300,14807086889,14262589158,13897804560,14187696311,14075894320,14806340821,15713908816,16458071068
Gabon,GAB,GDP (current US$),NY.GDP.MKTP.CD,10327598801,12455410056,15571349776,12113699661,14372591916,18210308748,17170465294,17595745653,18203968002,14383107714,14023890620,14929488771,16862282414,16874450215
Mali,MLI,GDP (current US$),NY.GDP.MKTP.CD,6905876385,8145694632,9798741074,10190945007,10689167195,12995074801,12441946098,13242680705,14364859446,13104802016,14025944550,15365627045,17070758732,17279566719
Georgia,GEO,GDP (current US$),NY.GDP.MKTP.CD,7745394293,10172882371,12795076469,10766836277,12243505583,15107441447,16488403076,17189551521,17627003455,14953950557,15141758567,16242916916,17599700091,17477255546
Lao PDR,LAO,GDP (current US$),NY.GDP.MKTP.CD,3452882514,4222962988,5443915121,5832915387,7127792630,8749241114,10191350120,11942230508,13268458232,14390442307,15805692546,16853087485,17953786416,18173839147
Botswana,BWA,GDP (current US$),NY.GDP.MKTP.CD,10137883299,10939053365,10945070442,10267133178,12786654498,15351972361,14380004175,14901750991,16250781587,14420593484,15646354089,17405588070,18663265549,18340480936
Afghanistan,AFG,GDP (current US$),NY.GDP.MKTP.CD,6971285595,9747879532,10109225814,12439087077,15856574731,17804292964,20001598506,20561069558,20484885120,19907111419,18017749074,18869945678,18353881130,19291104008
Bosnia and Herzegovina,BIH,GDP (current US$),NY.GDP.MKTP.CD,12864610994,15778767670,19112739664,17613836210,17176781337,18644723861,17226849297,18178503835,18558343508,16211541820,16913330694,18080118128,20183510561,20164193807
Zimbabwe,ZWE,GDP (current US$),NY.GDP.MKTP.CD,5443896500,5291950100,4415702800,9665793300,12041655200,14101920300,17114849900,19091020000,19495519600,19963120600,20548678100,22040902300,24311560500,21440758800
"Yemen, Rep.",YEM,GDP (current US$),NY.GDP.MKTP.CD,19061978586,21650532264,26910851362,25130274124,30906749533,32726417212,35401341663,40415235702,43206469767,42450620876,30935978724,26736139802,23486270352,22581081994
Zambia,ZMB,GDP (current US$),NY.GDP.MKTP.CD,12756858899,14056957976,17910858638,15328342304,20265559484,23459515276,25503060420,28045553105,27150728124,21243339048,20954754378,25868165345,26312140829,23309773923
Senegal,SEN,GDP (current US$),NY.GDP.MKTP.CD,11847848225,14285970085,16949789465,16248212852,16230887978,17902207622,17824398469,18965572150,19797254643,17774766636,19040312815,20996564752,23236007428,23578084052
Iceland,ISL,GDP (current US$),NY.GDP.MKTP.CD,17216420305,21514962938,17905251723,13164652470,13683689693,15158548263,14724078148,16033517403,17758050016,17389101639,20618363252,24488176541,25737594324,24188038474
Trinidad and Tobago,TTO,GDP (current US$),NY.GDP.MKTP.CD,18369361094,21641620050,27871587350,19172165226,22157948396,25433011405,25763220107,27268478565,27615843098,25062893969,22284780327,22474828527,23808146748,24269714810
Papua New Guinea,PNG,GDP (current US$),NY.GDP.MKTP.CD,8355006711,9545177005,11670840924,11619637816,14250755222,17984910496,21295659249,21261432775,23210682537,21723531182,20759069105,22742613549,24109509856,24829107011
Cyprus,CYP,GDP (current US$),NY.GDP.MKTP.CD,20072786351,23968764030,27844698989,25945391775,25732432719,27565469098,24978513427,23900872626,23156850007,19842404305,20953442550,22729184365,25309818139,24948935408
Honduras,HND,GDP (current US$),NY.GDP.MKTP.CD,10917481688,12361257681,13881701034,14587496229,15839344592,17710315006,18528601901,18499710128,19756494435,20979767785,21717622071,23136232230,24024189736,25095395475
El Salvador,SLV,GDP (current US$),NY.GDP.MKTP.CD,15999886400,17011750900,17986890000,17601620000,18447920000,20283790000,21386140000,21990970000,22593480000,23438240000,24191440000,24979200000,26117400000,27022640000
Cambodia,KHM,GDP (current US$),NY.GDP.MKTP.CD,7274595707,8639235842,10351914093,10401851851,11242275199,12829541141,14054443213,15227991395,16702610842,18049954289,20016747754,22177200512,24571753583,27089389787
Sudan,SDN,GDP (current US$),NY.GDP.MKTP.CD,35822408612,45898948564,54526580232,49957202646,58167563413,57060450038,52766746152,57730380600,64941713057,74294508240,51772232495,45021077955,33128480499,30513456085
Nepal,NPL,GDP (current US$),NY.GDP.MKTP.CD,9043715356,10325618017,12545438605,12854985464,16002656434,18913574371,18851513891,19271168018,20002968838,21410840909,21185922408,25180583770,29173513476,30641380604
Estonia,EST,GDP (current US$),NY.GDP.MKTP.CD,17012322168,22445583082,24371299253,19744110864,19693608289,23391530006,23192708982,25271406708,26773473625,23048864243,24259552889,26951648829,30631142227,31471100656
Latvia,LVA,GDP (current US$),NY.GDP.MKTP.CD,21517445448,31004884421,35756225698,26317286628,23877564356,28619991392,28330632929,30432796306,31329367173,27239653844,28052325862,30458763246,34416012859,34102913582
Uganda,UGA,GDP (current US$),NY.GDP.MKTP.CD,9977647645,11902564401,14440404021,25019909335,26558906014,27752712167,27188666947,28791625559,32472363452,32248116584,29078719934,30756466548,32916147253,35165157017
Paraguay,PRY,GDP (current US$),NY.GDP.MKTP.CD,13429430050,17856270473,24578067861,22341754514,27215968616,33715524704,33283228891,38585317743,40276532541,36164068797,36054281572,39008900332,40384691791,38145288940
Bahrain,BHR,GDP (current US$),NY.GDP.MKTP.CD,18504760638,21730000000,25710904255,22938218085,25713271277,28776595745,30749308511,32539468085,33387712766,31050638298,32234973404,35473776596,37652500000,38574069149
Tunisia,TUN,GDP (current US$),NY.GDP.MKTP.CD,34378437265,38908069299,44856586316,43454935940,44050929160,45810626509,45044112939,46251061734,47632326088,43173480832,41801210428,39802430355,39770297329,38796687568
Cameroon,CMR,GDP (current US$),NY.GDP.MKTP.CD,19356046328,22365265026,26409781215,26017925552,26169323293,29375448542,29102772799,32357345501,34989493826,30928653814,32643697596,35009262788,38694156863,39007354359
Bolivia,BOL,GDP (current US$),NY.GDP.MKTP.CD,11451869165,13120183157,16674324634,17339992165,19649631314,23963033431,27084497483,30659338880,32996188013,33000198248,33941126200,37508642165,40287647930,40895322844
Jordan,JOR,GDP (current US$),NY.GDP.MKTP.CD,15056929760,17110587447,22657662395,24537876124,27133804244,29524149165,31634561670,34454440181,36847643587,38587017944,39892551149,41408960787,42932112676,44502895862
Azerbaijan,AZE,GDP (current US$),NY.GDP.MKTP.CD,20982986344,33050343783,48852482960,44291490421,52902703376,65951627200,69683935845,74164435946,75244294275,53074370486,37867518957,40865558912,47112941176,48047647059
"Congo, Dem. Rep.",COD,GDP (current US$),NY.GDP.MKTP.CD,14451902468,16737071816,19788515874,18648373312,21565720044,25839749199,29306235826,32679745298,35909040266,37917704900,37134799975,38019265626,46831342213,50400746171
Serbia,SRB,GDP (current US$),NY.GDP.MKTP.CD,32482070360,43170990616,52194221469,45162894381,41819468692,49258136129,43309252921,48394239475,47062206678,39655958843,40692643373,44179055280,50640650221,51475016532
Lebanon,LBN,GDP (current US$),NY.GDP.MKTP.CD,22022709852,24827355015,29118916106,35399582929,38443907042,39927125961,44035991746,46909335135,48134486625,49939374833,51205122504,53140638269,54961275742,51991634492
Libya,LBY,GDP (current US$),NY.GDP.MKTP.CD,54961936663,67516236338,87140405361,63028320702,74773444901,34699395524,81873662519,65502870174,41142722414,27842131480,26197143268,37883243650,52607888718,52091152228
"Macao SAR, China",MAC,GDP (current US$),NY.GDP.MKTP.CD,14789661809,18340447243,20917444920,21475520709,28123640999,36709860068,43031577366,51552075902,55347998648,45361678147,45387299721,50751059058,55084050790,53859116536
Slovenia,SVN,GDP (current US$),NY.GDP.MKTP.CD,39481045038,48006372844,55552509155,50368056405,48161250405,51516366655,46580457470,48401896808,49930685013,43090173395,44736333522,48586603448,54161636035,54174227309
Lithuania,LTU,GDP (current US$),NY.GDP.MKTP.CD,30183575104,39697891352,47797551588,37388122046,37138464733,43582248870,42943442158,46514471182,48574531942,41418872976,43018087238,47758736932,53722883091,54627411860
Uruguay,URY,GDP (current US$),NY.GDP.MKTP.CD,19579457965,23410572633,30366213118,31660911279,40284481653,47962439303,51264390114,57531233351,57236013088,53274304222,52687612262,59530088537,59596885024,56045912953
Uzbekistan,UZB,GDP (current US$),NY.GDP.MKTP.CD,17330833853,22311393928,29549438884,33689223673,46679875794,56516280748,63628854499,68997168338,76658542757,81847410182,81779012351,59159945321,50392607758,57921286440
Cote d'Ivoire,CIV,GDP (current US$),NY.GDP.MKTP.CD,17816714954,20370544322,24322959641,24375209178,24908781285,25414875503,26789047555,31273074528,35363533866,45814637971,47964234560,51588158718,58011466451,58539424930
Croatia,HRV,GDP (current US$),NY.GDP.MKTP.CD,50423077102,60073426977,70234425974,62600093959,59918313669,62537851352,56580819624,58194069434,57639588806,49525747504,51601147666,55481644098,61375222347,60752588976
Costa Rica,CRI,GDP (current US$),NY.GDP.MKTP.CD,22602721765,26743972564,30612927059,30562361123,37268614024,42262697840,46473128286,49745088112,50577769838,54775994479,57157992434,58481858043,60553901420,61801385049
Belarus,BLR,GDP (current US$),NY.GDP.MKTP.CD,36954312354,45277399814,60763483146,50874078052,57222490769,61757788945,65685102555,75527984234,78813839984,56454734397,47722657821,54726595249,60031262269,63080457023
Tanzania,TZA,GDP (current US$),NY.GDP.MKTP.CD,18649590248,21843529025,27941177435,29081425282,32014249841,34657139495,39650530214,45680532614,49964788814,47378599025,49774021003,53320625959,58001200572,63177068175
Panama,PAN,GDP (current US$),NY.GDP.MKTP.CD,18141666300,21295984200,25155888600,27116635600,29440300000,34686200000,40429700000,45600000000,49921500000,54091700000,57907700000,62219000000,65128200000,66800800000
Ghana,GHA,GDP (current US$),NY.GDP.MKTP.CD,20440893017,24827844950,28678701891,26048108185,32197272797,39337314810,41270954737,62405374786,53660342160,48564863888,55009730600,58998132330,65556464048,66983634224
Bulgaria,BGR,GDP (current US$),NY.GDP.MKTP.CD,34379808889,44405101470,54438966420,52023504656,50381825504,57386216850,54033250329,55615397666,56901994980,50647442757,53806894796,58971520599,66230155100,68558815112
Luxembourg,LUX,GDP (current US$),NY.GDP.MKTP.CD,42414308117,50888134410,55849686539,51370543206,53212476812,60004630234,56677961787,61739352212,66103853237,57744457955,60691483443,64181944723,70919958016,71104919108
Myanmar,MMR,GDP (current US$),NY.GDP.MKTP.CD,14502553710,20182477481,31862554102,36906181381,49540813342,59977326086,59937797559,60269734045,65446199788,67822772707,67184236747,68945867478,76168043982,76085852617
Oman,OMN,GDP (current US$),NY.GDP.MKTP.CD,37215779656,42085379489,60905452458,48388363516,56913065779,67872692582,76511059936,78555637365,80686854743,68399663322,65480507171,70598026283,79788768969,76331518669
Guatemala,GTM,GDP (current US$),NY.GDP.MKTP.CD,30231249625,34113107372,39136436614,37733609795,41338008613,47654783852,50388460925,52996540576,57852399705,62186186576,66053725049,71612352645,73118147941,76710355347
Sri Lanka,LKA,GDP (current US$),NY.GDP.MKTP.CD,28279814925,32350248411,40713812310,42066217872,56725749222,65292753005,68434409315,74317806538,79356449841,80604080689,82401038710,87428125558,88425889592,84008783756
Angola,AGO,GDP (current US$),NY.GDP.MKTP.CD,52381006892,65266452081,88538611205,70307163678,83799496611,111789686464,128052853643,136709862831,145712200313,116193649124,101123851090,122123822334,101353230785,88815697793
Dominican Republic,DOM,GDP (current US$),NY.GDP.MKTP.CD,37879869898,43965420071,48122547177,48261033297,53860175557,58029750744,60681537195,62682163838,67179914026,71164825258,75704720190,79997975623,85555378044,88941299734
Kenya,KEN,GDP (current US$),NY.GDP.MKTP.CD,25825524821,31958195182,35895153328,37021512049,40000088347,41953433591,50412754861,55096728048,61448046802,64007750169,69188755364,78965004656,87778582964,95503088538
Ethiopia,ETH,GDP (current US$),NY.GDP.MKTP.CD,15280861835,19707616773,27066912635,32437389116,29933790334,31952763089,43310721414,47648211133,55612228234,64589334979,74296618481,81770791971,84269348327,95912590628
Puerto Rico,PRI,GDP (current US$),NY.GDP.MKTP.CD,87276164400,89524131600,93639300000,96385600000,98381300000,100351700000,101564800000,102450000000,102445800000,103375500000,104336700000,103445500000,100979900000,104988600000
Slovak Republic,SVK,GDP (current US$),NY.GDP.MKTP.CD,70708098106,86454081577,100469509301,89046289247,90310718349,99122802874,94534730681,98848641555,101189715749,88467555244,89655253976,95494424979,105701930963,105079673010
Ecuador,ECU,GDP (current US$),NY.GDP.MKTP.CD,46802044000,51007777000,61762635000,62519686000,69555367000,79276664000,87924544000,95129659000,101726331000,99290381000,99937696000,104295862000,107562008000,107435665000
Morocco,MAR,GDP (current US$),NY.GDP.MKTP.CD,68640825481,79041294874,92507257784,92897320376,93216746662,101370474295,98266306615,106825649872,110081248587,101179808076,103311649248,109682728023,118096227400,119700325462
Kuwait,KWT,GDP (current US$),NY.GDP.MKTP.CD,101548931771,114639690359,147395089286,105963168867,115419399860,154068115942,174070382279,174161142454,162631412509,114567298106,109419728567,120707220574,140645364238,134628542747
Ukraine,UKR,GDP (current US$),NY.GDP.MKTP.CD,107647920792,142579603960,179816790705,117113410001,136013155905,163159671670,175781379051,183310146378,133503411376,91030959455,93355993629,112190355158,130901858422,153781069118
Hungary,HUN,GDP (current US$),NY.GDP.MKTP.CD,115577256524,139966001510,158136326478,130760312877,131916516052,141759722464,128475498380,135411698965,140765018881,125074286021,128470534118,142961605733,160418835851,163469042868
Algeria,DZA,GDP (current US$),NY.GDP.MKTP.CD,117027321306,134845573818,171008067513,137206139023,161155315146,200254371997,209021250806,209724351222,213860450596,166361491141,159994837855,170163165961,175405660377,171091289782
Qatar,QAT,GDP (current US$),NY.GDP.MKTP.CD,60882142857,79712087912,115270054945,97798351648,125122306346,167775268614,186833502362,198727642979,206224598565,161739955578,151732181857,161099122215,183334953813,175837550996
Kazakhstan,KAZ,GDP (current US$),NY.GDP.MKTP.CD,81003884545,104849886826,133441612247,115308661143,148047348241,192626507972,207998568866,236634552078,221415572820,184388432149,137278320084,166805800596,179339994859,181665908556
New Zealand,NZL,GDP (current US$),NY.GDP.MKTP.CD,111608845081,137320496803,133290222816,121357986133,146619138359,168510189201,176247979236,190845889950,200921936786,177467529071,188223664747,205415864858,207920613962,206928765544
Greece,GRC,GDP (current US$),NY.GDP.MKTP.CD,273317736796,318497937312,354460802695,330000251459,299361576293,287797821676,245670666768,239862011052,237029578730,196591353872,195222443845,203588424740,218138367209,209852761133
Peru,PER,GDP (current US$),NY.GDP.MKTP.CD,88643193062,102170981144,120550599815,120822986521,147528937029,171761737047,192648999090,201175469114,200789362452,189805300842,191895943824,211007207484,222044970486,226848050820
Iraq,IRQ,GDP (current US$),NY.GDP.MKTP.CD,65140293688,88840050497,131613661510,111660855043,138461538462,185470085470,217807625616,234648370497,234648370506,177498577313,174896224010,195473049873,224228010474,234094042939
Portugal,PRT,GDP (current US$),NY.GDP.MKTP.CD,208581694894,240190803449,262344779552,243701635176,237880908318,244797226567,216236608774,226369502104,229596170847,199313894327,206286022782,221357874719,242313116578,238785085031
Romania,ROU,GDP (current US$),NY.GDP.MKTP.CD,122022997508,174585202805,214313628965,174103695930,166309355235,183326740143,170635805317,190801346194,199959363430,177729210875,188128818486,211695422579,241457403085,250077444017
Czech Republic,CZE,GDP (current US$),NY.GDP.MKTP.CD,156264095665,190183800884,236816485763,207434296805,209069940963,229562733399,208857719321,211685616593,209358834156,188033050460,196272068576,218628940952,248908731818,250680504530
Vietnam,VNM,GDP (current US$),NY.GDP.MKTP.CD,66371664817,77414425532,99130304099,106014659770,115931749697,135539438560,155820001920,171222025117,186204652922,193241108710,205276172135,223779865815,245213686369,261921244843
Finland,FIN,GDP (current US$),NY.GDP.MKTP.CD,216907539832,256052559540,284553976857,252496526813,249181190476,275243697751,258304834622,271285280621,274497230803,234440080998,240607907010,255232257244,275946554579,269296310180
Pakistan,PAK,GDP (current US$),NY.GDP.MKTP.CD,137264061106,152385716312,170077814106,168152775283,177165635077,213587413184,224383620830,231218567179,244360888751,270556131701,278654637738,304567253219,314567541558,278221906023
Chile,CHL,GDP (current US$),NY.GDP.MKTP.CD,154788024806,173605968179,179638496279,172389498445,218537551220,252251992029,267122320057,278384345259,260541629961,243919085309,250440136356,277044950259,298258019275,282318159745
Bangladesh,BGD,GDP (current US$),NY.GDP.MKTP.CD,71819083684,79611888213,91631278239,102477791472,115279077465,128637938711,133355749482,149990451022,172885454931,195078678697,221415188000,249711027660,274039092455,302571254131
"Egypt, Arab Rep.",EGY,GDP (current US$),NY.GDP.MKTP.CD,107426086957,130437828371,162818181818,189147005445,218983666062,235989672978,279116666667,288434108527,305595408895,329366576819,332441717791,235733695652,249712999437,303092255125
Colombia,COL,GDP (current US$),NY.GDP.MKTP.CD,161618581266,206181826825,242186950901,232397835678,286563105192,334943871932,370921320484,382116126449,381112119657,293481748241,282825009887,311883730690,333568923004,323615979419
Denmark,DNK,GDP (current US$),NY.GDP.MKTP.CD,282884947703,319423424509,353361038818,321241303699,321995279402,344003137611,327148943812,343584391648,352993631618,302673070847,313115929314,332121063806,356879499798,350104327659
South Africa,ZAF,GDP (current US$),NY.GDP.MKTP.CD,271638484826,299415505152,286769839733,295936485833,375349442837,416418874936,396332702639,366829390479,350904575292,317620522795,296357282715,349554116684,368288939768,351431649241
Malaysia,MYS,GDP (current US$),NY.GDP.MKTP.CD,162691238209,193547824063,230813897716,202257625195,255016609233,297951960784,314443149443,323277158907,338061963396,301354803994,301255380276,319112136545,358715057124,364681367532
"Hong Kong SAR, China",HKG,GDP (current US$),NY.GDP.MKTP.CD,193536265094,211597405594,219279678430,214046415026,228637697575,248513617677,262629441493,275696879835,291459356985,309383627029,320837638329,341244161577,361696880781,365711532817
Singapore,SGP,GDP (current US$),NY.GDP.MKTP.CD,148630373214,180941941477,193611986713,194152286009,239809387605,279351168707,295087220933,307576360585,314851156183,308004146058,318652334419,341863349989,373217081851,372062527489
Philippines,PHL,GDP (current US$),NY.GDP.MKTP.CD,127652908954,155980408072,181006859908,176131654911,208368892319,234216730704,261920542607,283902829721,297483553300,306445871632,318627003966,328480738147,346841896890,376795508679
Ireland,IRL,GDP (current US$),NY.GDP.MKTP.CD,232083467570,269917942787,275038895562,236316405946,222148757578,237472361734,224999484362,238543539441,258471884600,291499812215,300523297824,335663113508,382674360648,388698711348
Israel,ISR,GDP (current US$),NY.GDP.MKTP.CD,154034316621,178959188676,216105164994,207468170791,233995676088,261468634287,257180147032,292636164056,309558454691,299813121135,318950599044,353253406983,370587977126,394652210296
Norway,NOR,GDP (current US$),NY.GDP.MKTP.CD,345581369966,400937100159,462250000000,386190385319,428757038467,498283438454,509506317147,522761531915,498410050251,385801550067,368819929542,398393955269,434166615432,403336363636
United Arab Emirates,ARE,GDP (current US$),NY.GDP.MKTP.CD,222116541865,257916133424,315474615739,253547358747,289787338325,350666031314,374590605854,390107556161,403137100068,358135057862,357045064670,385605506855,422215043585,421142267938
Austria,AUT,GDP (current US$),NY.GDP.MKTP.CD,335998557270,388691445387,430294287388,400172297861,391892746545,431120310089,409425234155,430068712972,441996131737,381817565894,395568644341,417237869116,455094861902,445075391688
Argentina,ARG,GDP (current US$),NY.GDP.MKTP.CD,232557260817,287530508431,361558037110,332976484578,423627422092,530163281575,545982375701,552025140252,526319673732,594749285413,557531376218,643628665303,517626700413,445445177459
Nigeria,NGA,GDP (current US$),NY.GDP.MKTP.CD,236103982432,275625684969,337035512677,291880204327,361456622216,404993594134,455501524575,508692961937,546676374568,486803295098,404650006429,375746469539,397190484464,448120428859
Sweden,SWE,GDP (current US$),NY.GDP.MKTP.CD,423093437424,491252589217,517706149201,436537014294,495812558843,574094112973,552483727283,586841821797,581964017237,505103781350,515654671470,541018749769,555455371487,530883869005
Belgium,BEL,GDP (current US$),NY.GDP.MKTP.CD,407918078033,470324254038,515223524242,481345929425,480951629493,522645519184,496181260258,521642714408,534678075827,462149679344,475739588765,502698069367,543734366831,533097455835
Thailand,THA,GDP (current US$),NY.GDP.MKTP.CD,221758196505,262942476722,291382991178,281710416557,341104820155,370819140947,397558222957,420333203150,407339361696,401295941041,413430123185,456294704153,506514103905,543548969969
Poland,POL,GDP (current US$),NY.GDP.MKTP.CD,344622003094,429028505365,533609081853,439737508413,479834179020,528301269070,498523568248,521016262735,542477096212,477811911394,472630364208,526508877305,587411745162,595858207012
Switzerland,CHE,GDP (current US$),NY.GDP.MKTP.CD,430921192375,479913033989,554363487213,541506500322,583782978346,699579638413,668043613696,688504173431,709182559935,679832292005,671309197478,679950481623,705140620047,703082435159
Turkey,TUR,GDP (current US$),NY.GDP.MKTP.CD,557076027809,681321211458,770449330198,649289324631,776967610957,838785707000,880555967207,957799371566,938934394764,864314287106,869683121563,858988610574,778381859841,761425499358
Saudi Arabia,SAU,GDP (current US$),NY.GDP.MKTP.CD,376900135721,415964583059,519796738631,429097899279,528207332650,671238840108,735974843349,746647127408,756350347320,654269902889,644935541446,688586244287,786521831572,792966838162
Netherlands,NLD,GDP (current US$),NY.GDP.MKTP.CD,733340860620,847481522037,947997656364,868077243679,846554894931,904085980796,838971306991,876923518850,890981311078,765264949781,783528181705,833869641687,914043438180,907050863145
Indonesia,IDN,GDP (current US$),NY.GDP.MKTP.CD,364570514305,432216737775,510228634992,539580085612,755094160363,892969107923,917869910106,912524136718,890814755233,860854235065,931877364178,1015618742566,1042240309413,1119190780753
Mexico,MEX,GDP (current US$),NY.GDP.MKTP.CD,975387131716,1052696282279,1109989063587,900045350649,1057801295584,1180489601958,1201089987015,1274443084717,1315351183525,1171867608198,1078490651625,1158913035796,1222348807283,1268870527160
Spain,ESP,GDP (current US$),NY.GDP.MKTP.CD,1259343871534,1472131125103,1625224842537,1485583495415,1420722034063,1478772824224,1324820091195,1354757433213,1369398844600,1195119269972,1232076017362,1312539279462,1422153839841,1393490524518
Australia,AUS,GDP (current US$),NY.GDP.MKTP.CD,746054207847,853099630996,1053995523724,927805183331,1146138465604,1396649906339,1546151783873,1576184467015,1467483705132,1351693984525,1208846993740,1329188475752,1432881172002,1396567014733
"Korea, Rep.",KOR,GDP (current US$),NY.GDP.MKTP.CD,1053216909888,1172614086540,1047339010225,943941876219,1144066965324,1253223044719,1278427634343,1370795199976,1484318219634,1465773245547,1500111596236,1623901496836,1724845615629,1646739219510
Russian Federation,RUS,GDP (current US$),NY.GDP.MKTP.CD,989930542279,1299705764824,1660846387625,1222644282202,1524917468442,2045925608274,2208295773643,2292473246621,2059241965491,1363481063447,1276786979222,1574199387071,1669583089323,1699876578871
Canada,CAN,GDP (current US$),NY.GDP.MKTP.CD,1315415197461,1464977190206,1549131208997,1371153004986,1613464422811,1788647906048,1828689329349,1847208522155,1803533209845,1556129524418,1528243213982,1649878054227,1716262621082,1736425629520
Brazil,BRA,GDP (current US$),NY.GDP.MKTP.CD,1107640289615,1397084349956,1695824565983,1667019783585,2208871646203,2616200980392,2465188674415,2472806919902,2455993625159,1802214373741,1795700168991,2062831045936,1885482534238,1839758040766
Italy,ITA,GDP (current US$),NY.GDP.MKTP.CD,1947919708945,2210292636189,2398856598799,2191241872742,2134017843247,2291991045770,2087077032435,2141315327318,2159133919744,1835899237320,1875797463584,1961796197354,2091544955092,2003576145498
France,FRA,GDP (current US$),NY.GDP.MKTP.CD,2318593651988,2657213249384,2918382891460,2690222283968,2642609548930,2861408170265,2683825225093,2811077725704,2852165760630,2438207896252,2471285607082,2595151045198,2787863958885,2715518274227
United Kingdom,GBR,GDP (current US$),NY.GDP.MKTP.CD,2713749770009,3100882352941,2922667279412,2410909799034,2475244321361,2659310054646,2704887678387,2786022872707,3063803240208,2928591002003,2694283209613,2666229179958,2860667727552,2829108219166
India,IND,GDP (current US$),NY.GDP.MKTP.CD,940259888792,1216735441525,1198895582138,1341886602799,1675615335601,1823050405350,1827637859136,1856722121395,2039127446299,2103587817042,2294797978292,2652754685835,2713165057513,2868929415617
Germany,DEU,GDP (current US$),NY.GDP.MKTP.CD,2992196713085,3421229126745,3730027830672,3397791053070,3396354075664,3744408602684,3527344944140,3732743446219,3883920155292,3356235704120,3467498002104,3682602479929,3963767526251,3861123558039
Japan,JPN,GDP (current US$),NY.GDP.MKTP.CD,4530377224970,4515264514431,5037908465114,5231382674594,5700098114744,6157459594824,6203213121334,5155717056271,4850413536038,4389475622589,4922538141455,4866864409658,4954806619995,5081769542380
China,CHN,GDP (current US$),NY.GDP.MKTP.CD,2752131773355,3550342737011,4594307032661,5101703073086,6087163874512,7551500124203,8532229986994,9570406235660,10475682920595,11061553079876,11233276536737,12310409370893,13894817549374,14279937467431
United States,USA,GDP (current US$),NY.GDP.MKTP.CD,13814611414000,14451858656000,14712844084000,14448933025000,14992052727000,15542581104000,16197007349000,16784849196000,17527163695000,18224704440000,18714960538000,19519353692000,20580159776000,21433226000000
Aruba,ABW,GDP (current US$),NY.GDP.MKTP.CD,2424581006,2615083799,2745251397,2498882682,2390502793,2549720670,2534636872,2701675978,2765363128,2919553073,2965921788,3056424581,,
American Samoa,ASM,GDP (current US$),NY.GDP.MKTP.CD,496000000,520000000,563000000,678000000,576000000,574000000,644000000,641000000,642000000,661000000,652000000,602000000,636000000,
Cuba,CUB,GDP (current US$),NY.GDP.MKTP.CD,52742800000,58603900000,60806300000,62080000000,64328000000,68990000000,73141000000,77148000000,80656000000,87133000000,91370000000,96851000000,100023000000,
Cayman Islands,CYM,GDP (current US$),NY.GDP.MKTP.CD,4200439499,4466438823,4586114070,4281868766,4156990816,4186223865,4291158968,4405954696,4563017852,4708336756,4909498943,5153091158,5517361238,
Eritrea,ERI,GDP (current US$),NY.GDP.MKTP.CD,1211161880,1317974491,1380188800,1856695551,1589515447,2065001626,,,,,,,,
Faroe Islands,FRO,GDP (current US$),NY.GDP.MKTP.CD,1984445416,2290133549,2432415998,2268387771,2320424601,2490807831,2366301252,2627049837,2850743875,2518096286,2738832687,2905102304,3116887847,
"Micronesia, Fed. Sts.",FSM,GDP (current US$),NY.GDP.MKTP.CD,253541900,256787200,263145100,280284600,296944100,311301600,327248700,317214400,319271200,316489900,332265200,366666800,401932300,
Gibraltar,GIB,GDP (current US$),NY.GDP.MKTP.CD,,,,,,,,,,,,,,
Greenland,GRL,GDP (current US$),NY.GDP.MKTP.CD,2013099482,2249811709,2499107511,2529948330,2503156061,2684467376,2609667674,2684952727,2842048998,2499115623,2707146783,2826651926,3051626390,
Guam,GUM,GDP (current US$),NY.GDP.MKTP.CD,4213000000,4375000000,4621000000,4781000000,4895000000,4928000000,5199000000,5336000000,5538000000,5710000000,5795000000,5851000000,5920000000,
Isle of Man,IMN,GDP (current US$),NY.GDP.MKTP.CD,3422651334,4466100440,5928420956,5487083658,5920177689,6566098382,6690725118,7000748788,7708834951,7085288006,6846691871,6979581725,7491969313,
"Iran, Islamic Rep.",IRN,GDP (current US$),NY.GDP.MKTP.CD,266298911661,349881601459,412336172447,416397025729,486807615326,580764902917,598868460913,460293149324,432687036178,384951479697,417983583566,445345256459,453996479250,
Liechtenstein,LIE,GDP (current US$),NY.GDP.MKTP.CD,4000239273,4601299567,5081432924,4504549214,5082366478,5739977477,5456009385,6391735894,6657170923,6268391521,6237264055,6552858739,6876981286,
St. Martin (French part),MAF,GDP (current US$),NY.GDP.MKTP.CD,,,,,,,,,,,,,,
Monaco,MCO,GDP (current US$),NY.GDP.MKTP.CD,4582988333,5867916781,6476490406,5451653237,5367625613,6088808463,5743029680,6555983530,7069616049,6261622101,6472990923,6431314957,7188238073,
Marshall Islands,MHL,GDP (current US$),NY.GDP.MKTP.CD,145474100,153884600,153135800,151772600,162164700,174332100,182874800,187707400,184689500,184599600,200558400,212881000,221278000,
Northern Mariana Islands,MNP,GDP (current US$),NY.GDP.MKTP.CD,990000000,938000000,939000000,795000000,799000000,733000000,751000000,782000000,845000000,931000000,1250000000,1601000000,1323000000,
New Caledonia,NCL,GDP (current US$),NY.GDP.MKTP.CD,,,,,,,,,,,,,,
"Korea, Dem. People's Rep.",PRK,GDP (current US$),NY.GDP.MKTP.CD,,,,,,,,,,,,,,
West Bank and Gaza,PSE,GDP (current US$),NY.GDP.MKTP.CD,5348300000,5815700000,7310400000,8085700000,9681500000,11186100000,12208400000,13515500000,13989700000,13972400000,15405400000,16128000000,16276600000,
French Polynesia,PYF,GDP (current US$),NY.GDP.MKTP.CD,,,,,,,,,,,,,,
San Marino,SMR,GDP (current US$),NY.GDP.MKTP.CD,1908167106,2185874624,2393437820,2056126702,1881214371,1813752784,1604779648,1678841812,1673973695,1419394771,1468377272,1528630707,1655300873,
Somalia,SOM,GDP (current US$),NY.GDP.MKTP.CD,,,,,,,,,,,,,,
South Sudan,SSD,GDP (current US$),NY.GDP.MKTP.CD,,,14586253383,12231264525,14602072411,14907308933,11931472169,18426469017,13962212847,11997800760,,,,
Sint Maarten (Dutch part),SXM,GDP (current US$),NY.GDP.MKTP.CD,,,,,,936089385.5,985865921.8,1022905028,1245251397,1253072626,1263687151,1191620112,1185474860,
Syrian Arab Republic,SYR,GDP (current US$),NY.GDP.MKTP.CD,33332844575,40405006007,,,,,,,,,,,,
Turkmenistan,TKM,GDP (current US$),NY.GDP.MKTP.CD,10276674365,12664165103,19271523179,20214385965,22583157895,29233333333,35164210526,39197543860,43524210526,35799714286,36180000000,37926285714,40761142857,
Middle East & North Africa (IDA & IBRD countries),TMN,GDP (current US$),NY.GDP.MKTP.CD,806660596776,997457093957,1235928845842,1191950272362,1375100698353,1555699890933,1717407464452,1605603770809,1585265223315,1426043431411,1444324321118,1420124946945,1503870646199,
"Venezuela, RB",VEN,GDP (current US$),NY.GDP.MKTP.CD,183477522124,230364012576,315953388511,329787628928,393192354511,316482190800,381286237848,371005379787,482359318768,,,,,
British Virgin Islands,VGB,GDP (current US$),NY.GDP.MKTP.CD,,,,,,,,,,,,,,
Virgin Islands (U.S.),VIR,GDP (current US$),NY.GDP.MKTP.CD,4504000000,4803000000,4250000000,4203000000,4339000000,4239000000,4095000000,3762000000,3622000000,3748000000,3863000000,3855000000,,